{
  "version": 2,
  "builds": [
    {
      "src": "index.html",
      "use": "@vercel/static"
    },
    {
      "src": "scripts/**/*",
      "use": "@vercel/static"
    },
    {
      "src": "styles/**/*",
      "use": "@vercel/static"
    },
    {
      "src": "public/**/*",
      "use": "@vercel/static"
    },
    {
      "src": "404.html",
      "use": "@vercel/static"
    }
  ],
  "routes": [
    {
      "src": "/(.*)",
      "dest": "/$1"
    },
    {
      "handle": "filesystem"
    },
    {
      "src": "/(.*)",
      "dest": "/404.html",
      "status": 404
    }
  ]
}
